text	labels
Dabei wird davon ausgegangen, dass es grundlegende Strategien zur Erschreibung von WÃ¶rtern und SÃ¤tzen gibt und dass die Regeln, die von Schriftlernern entdeckt und verfolgt werden, bestimmten Prinzipien entsprechen.	K
Und eine plausibel nachvollziehbare Nachricht a la â€œSehr geehrter Mandant, aus Grund A B C bin ich berechtigt, nach RVG 2021 und ohne Anrechnung Verfahren/GeschÃ¤ftsgebÃ¼hr abzurechnen.â€	SP,GF,RF
ISO 4049 versus NIST 4877: Influence of stress configuration on the outcome of a three-point bending test in resin-based dental materials and interrelation between standards.	GF,RF
Fotzelschnitten mit Aprikosenkompott	SF,GF
Vom Gesetz Ã¼ber den vaterlÃ¤ndischen Hilfsdienst zum BetriebsrÃ¤tegesetz. aventinus varia Nr. 15 (Winter 2008), in: aventinus, URL: http://www.aventinus-online.de/no_cache/persistent/artikel/7654/	NLC,SF,GF
Hallo Rikibu, ich bin ja auch sehr lange nicht drauf gekommen ;-)).	NLC
Versteh die anderen Erfahrungen nicht , habe mir diese durchgelesen NACHDEM ich das Auto gekauft hatte und hatte schon Angst, aber alles ohne Probleme.	RF,GF
hermann-neuberger-preis 2017 17 t qualitÃ¤tssiegel â€“ sgekrÃ¶nt r e t h c i l h c s : s o t o f dafÃ¼r wurde der abteilung zuletzt eine besondere aus- zeichnung zuteil: sie ist gewinner des hermann-neu- berger-preises 2017 fÃ¼r herausragende jugendarbeit â€“ fÃ¼r schmitt, deren abteilung gerÃ¤tturnen weiblich mit 109 der zuletzt 187 mitglieder klar die meisten angehÃ¶- ren, kam das sehr Ã¼berraschend: â€wir haben gar nicht damit gerech- net, als wir uns anfang des jahres erstmals beworben haben. ich selbst habe aus der zeitung davon erfahren â€“ die freude war natÃ¼r- lich riesigâ€œ, verrÃ¤t schmitt, die zudem abteilungsleiterin der stb- turnschule beim tv schaffhausen ist. dort erhalten die grÃ¶ÃŸten talente von fÃ¼nf bis acht jahren eine grundlagenausbildung nach vorgabe des deutschen turnerbunds (dtb) und gezielte vorberei- tung auf leistungswettbewerbe.	SP,SF,GF,RF,ZF
If you are staying in Germany for more than three months, you will have to obtain a Aufenthaltserlaubnis.	GF,RF
Rundum sorglos at its best.	GF,RF
ï»¿ â€Wenn wir die ehrenamtlich helfenden HÃ¤nde in unseren Vereinen mit weiteren, teils deutlich aufwÃ¤ndigeren Aufgaben belasten, werden diese abspringen und ihre Ã¶ffentliche Darstellung wÃ¼rde unmÃ¶glich.	NLC,SF,ZF
Es ist wichtig, Frauen in der Wissenschaft mehr in den Fokus zu rÃ¼ckenForschung hat kein Geschlecht.	RF,GF
åœ¨Gredingå‡ºå£ç¦»å¼€A9é«˜é€Ÿå…¬è·¯ã€‚	SF,GF,NLC
GLOHRA (German Alliance for Global Health Research) ist ein Zusammenschluss von Ã°ÂŸÂ”Â¬Ã°ÂŸÂ‘Â©Ã°ÂŸÂ”Â¬Ã°ÂŸÂ§Â‘Ã°ÂŸÂ”Â¬Ã°ÂŸÂ‘ ÌˆÃ°ÂŸÂ”Â¬Forschenden aus Ã¶ffentlich gefÃ¶rderten Forschungseinrichtungen in Deutschland.	NLC,RF
Krankenversorgung und â€Kinder-Verwahrschuleâ€œ â€“ die Probleme von Birkesdorf waren prekÃ¤r genug, um ein abzuschicken.	GF
Och wissen Sie, das mit dem â€wir MÃƒÂ¤nnerâ€œ war bloÃƒÅ¸ ein Bisschen Rangewanze.	RF,NLC
Hier entstehen Mehrkosten fÃ¼r den Hersteller, denn die Scheiben mÃ¼ssen neu produziert werden.	K
Was ist, wenn es Ihr Unternehmen im letzten November 2019 noch garnicht gegeben hat?	RF
M e h r T e x t u n d B i l d e r i n V o r b e r e i t u n g	SP,SF,GF,RF
Hund und Kinder bleiben zurÃ¼ck (das ist das Beste daran, hehe!).	K
Es heist hier: Ich habe es wol alles Macht, aber es frommer nicht alles.	RF,GF
Hier geht Ìs zur BroschÃ¼re!	ZF
Vergangenen Samstag fand die Gleichenfeier unseres Feuerwehrhauses statt.	K
Zwar dÃ¼rfen nach Â§ 67 Abs. 4 Schulgesetz (SchulG) fÃ¼r Zwecke der LehrkrÃ¤fteausbildung, der LehrkrÃ¤ftefortbildung und der QualitÃ¤tsentwicklung von Unterricht Bild- und Tonaufzeichnungen des Unterrichts erfolgen, sofern die betroffenen Personen rechtzeitig Ã¼ber die beabsichtigte Aufzeichnung und den Aufzeichnungszweck informiert werden und sie einwilligen.	K
APART ist die groÃŸe Lounge mit zwei Kaminfeuer: d i e Bar des Schwarzwalds, mit Cocktail und CafÃ©.	SP,SF,GF,RF
Andere Positionen fordern Ethik als Pflichtgegenstand fÃ¼r alle, Religion aber nur als Freifach.	K
ThinkPad T470s | i5-6300U | 14" | 8 GB | 128 GB SSD | Win 10 Pro | DE	SF,GF,NLC
Der Antragsteller hat auch keinen Anspruch nach Â§ 21 Abs. 6 SGB II, denn das BSG (Urteil vom 12.12.2013 - B 4 AS 6/13 R ) hat ausdrÃ¼cklich entschieden, dass eine LeistungsgewÃ¤hrung durch den SGB II-TrÃ¤ger ausscheidet, wenn die GKV die Kosten einer medizinisch notwendigen Behandlung trÃ¤gt.	K
Foto: Â© cherubino , cc by-sa 3.0	NLC,SF,GF
Die dritte Gruppe hat im Radiostudio eine Show gemacht.	K
Ich bin sehr froh, hier operiert worden zu sein und ein groÃŸes D A N K E schlieÃŸt sich an	SP,SF,GF,RF
Gesunde Ã–kosysteme sorgen fÃ¼r saubere Luft, frisches Wasser, Medikamente, Nahrung und mehr.	K
_____ _____ _____ _ _ / ____|| | ___|| |__ // | || | || / //---`' | ||__ / // | || | || \\\\\\\\ \\\\\\\\\\\\\\\\___ | ||__ / //__ | \\\\\\\\\\\\\\\\_/ || \\\\\\\\_____|| |_____|| /_____|| \\\\\\\\____// `----` `-----` `-----` `---`	SF,GF,NLC
Das GebÃ¤ude zeichnet sich durch die wirtschaftliche Bauweise, sowie durch die FlexibilitÃ¤t der InnenrÃ¤ume aus.	ZF
Die GustostÃ¼ckerl werden dabei nur mit Biscuit, Schokocreme, Marmelade und Rum zubereitet.	K
Unsere drei grÃ¶ÃŸten Teilnehmergruppen waren CafÃ© Andi, Buschenschank Bliemel und der Schi- und Wanderverein Kukmirn.	K
Wie gut wirkt Carbamazepin?	K
Oder fÃ¼r Handwerk?	GF
Eine Genehmigung seitens der Sachwalterschaft liegt nach Ãœbermittlung des vom BeschwerdefÃ¼hrer erhobenen beim Landesverwaltungsgericht eingebrachten Devolutionsantrages â€“ der im Ãœbrigen auch inhaltlich abzuweisen wÃ¤re weil die Lenkberechtigung erloschen ist und daher Ã¼ber Antrag neu erworben werden mÃ¼sste - nicht vor.	ZF
Die dritte Gruppe hat im Radiostudio eine Show gemacht.	K
When you live in Ireland, itâ€™s all about domestic issues and no one cares about any of that stuff at all really.	GF,RF
Name] s. E l l e n, Ellen [Pseud.	SP,GF,RF,NLC
Alkylanzien-induziertes myelodysplastisches Syndrom	K
WÃ¤hrend meiner Lehre als Drucktechnologe bei der Typotron AG St. Gallen bin ich frÃ¼h mit qualitativ hochwertigen Drucksachen in BerÃ¼hrung gekommen.	K
A u ÃŸ e r d e m b i e t e n s i e d e n S p i e l e r n d i e G e l e - g e n h e i t , s i c h p r Ã¤ s e n t i e r e n u n d m i t a n d e r e n M u s i k e r n v e r g l e i c h e n z u k Ã¶ n n e n .	SP,GF,RF
Bis Ende des Jahres 2015 wird der neueste Standort in RheinbÃ¶llen seinen Betrieb als Logistikzentrum Mittelrhein aufnehmen.	K
Stahlbetonpfosten fÃ¼r die neuen LÃ¤rmschutzwÃ¤nde in HÃ¶he Holzwickede | Bildnachweis: DEGES	SF,GF,NLC
Internet/soziale Medien Ã¢â‚¬Â¢Ã‚ Ã‚ Ã‚ KÃƒ1â„4mmert sich um das Layout, die technische Umsetzung und den Inhalt .	NLC,GF,RF
ITAGRA - Centro Tecnologico Agrario y Agroalimentario Asociacion (Spanien)	SF,GF,RF
Es wurde genau so, wie es geplant war.	K
Optionen verstecken	SF,GF
Die Formulierung in Â§ 178 Abs. 2 Satz 1 SGB IX â€Angelegenheiten, die einen einzelnen oder die schwerbehinderten Menschen als Gruppe berÃ¼hrenâ€œ zeigt, dass der Gesetzgeber bewusst zwischen solchen Angelegenheiten, die nur einen einzelnen schwerbehinderten Menschen konkret betreffen, und solchen Angelegenheiten, die die schwerbehinderten Menschen als Gruppe betreffen, differenziere.	K
Clopidogrel, Prasugrel und Ticagrelor sind fÃ¼r die Behandlung nach elektiver PCI nicht zugelassen.	K
europaeische Unternehmen â€“ D O N N E R S T A G , 16. November 06	SP,SF,GF,RF
Ein Tag wie jeder!!!!	SF,ZF,NLC
Vielen Dank fÃ¼r diesen tollen Blog, ich habe schon sooo viel gelernt und backe meine Brote nur noch selbst (leider nicht immer wirklich erfolgreichğŸ¤”).	RF,NLC
Der Vortrag wird in Schriftdeutsch abgehalten und eignet sich fÃƒ1â„4r alle Gesinnungsgenossen	RF,NLC
Seit Jahresbeginn konnten wieder etliche Praxisbeispiele aus den hessischen Regionen fÃ¼r die OloV-Website aufbereitet oder mit aktuellen Entwicklungen ergÃ¤nzt werden.	K
Dann versuche es doch stattdessen mit einem .	GF
Ringsherum werden historistische HÃ¤user saniert, neue gebaut, und die Infrastruktur modernisiert.	K
Eine Autorin schrieb in einem kurzen Nachtrag: â€Ach ja!	ZF
Dass die Betragensnote nur fÃ¼r den erfassten Zeitraum gilt und daher wenig Aussagekraft fÃ¼r das spÃ¤tere Verhalten hat, ist zwar richtig - gilt aber fÃ¼r fast alle Noten, oder wer weiÃŸ noch so genau was er z.B. in Geographie in der 2. Klasse gelernt hat, selbst wenn er damals ein Sehr gut hatte?	K
So etwa, wenn eine aufsichtspflichtige Person fÃ¼r das Handeln Dritter haftbar gemacht werden kann (Â§ 832 BGB; MinderjÃ¤hrige, geistig Behinderte) oder wenn Â§ 833 BGB eine Haftung des Tierhalters fÃ¼r durch das Tier entstandene SchÃ¤den vorsieht.	K
Und: â€Le pouvoir est au bout du phallus" (Die Macht ist im Lauf des Phallus - in ironischer Anspielung auf den damals gern zitierten Mao-Spruch: Die Macht ist im Lauf der Gewehre).	GF,RF
Klassen jeden Mittwoch den Schlossgarten.	GF
Grund hierfÃ¼r war eine strenge DÃ¼rre in der Sahelzone sÃ¼dlich der Sahara, dem Winterquartier der VÃ¶gel.	K
Als ehemalige Serviertochter finde ich Kinderwagen in Beizen auch nicht berauschend, stoggelt man doch als Serviererin stÃƒÂ¤ndig darÃƒ1â„4ber und blockieren sie die DurchgÃƒÂ¤nge.	RF,NLC
Die gleichzeitige Anwendung des Arzneimittels und bestimmten Enzymhemmern, sog. CYP2C9-Hemmer, z. B. Sulfinpyrazon (Mittel zur Behandlung von Gicht) und Voriconazol (Mittel zur Behandlung von Pilzerkrankungen), kann zu einer Anreicherung von Diclofenac im KÃ¶rper und VerstÃ¤rkung seiner unerwÃ¼nschten Wirkungen fÃ¼hren.	K
Journals (ausgenommen sind Titel bei Hindawi) zahlen Sie bis Ende 2022 keineAPC an den Verlag Wiley..	RF,SF,ZF
Die Folie ist aus Bestellnr.: 891559	SF,GF
